event_date_id,candidate_date_utc,year,candidate_date_definition,time_standard,nmc_source_url,source_access_mode,platform,nominal_sampling_interval_min,retained_mask_count,first_retained_scene_utc,last_retained_scene_utc,mask_subdirectory,catalogue_scope_note
ESF-20200121,2020-01-21,2020,NMC forecast-valid date,UTC,https://www.nmc.cn/publish/fog.html,screened on each publication day,H08,30,6,2020-01-21T00:00:00Z,2020-01-21T02:30:00Z,2020/mask,Date-level catalogue of samples represented by retained mask filenames; consecutive dates were not merged into meteorological events.
ESF-20200123,2020-01-23,2020,NMC forecast-valid date,UTC,https://www.nmc.cn/publish/fog.html,screened on each publication day,H08,30,4,2020-01-23T02:30:00Z,2020-01-23T04:00:00Z,2020/mask,Date-level catalogue of samples represented by retained mask filenames; consecutive dates were not merged into meteorological events.
ESF-20200213,2020-02-13,2020,NMC forecast-valid date,UTC,https://www.nmc.cn/publish/fog.html,screened on each publication day,H08,30,16,2020-02-13T00:00:00Z,2020-02-13T08:00:00Z,2020/mask,Date-level catalogue of samples represented by retained mask filenames; consecutive dates were not merged into meteorological events.
ESF-20200214,2020-02-14,2020,NMC forecast-valid date,UTC,https://www.nmc.cn/publish/fog.html,screened on each publication day,H08,30,20,2020-02-14T00:00:00Z,2020-02-14T10:00:00Z,2020/mask,Date-level catalogue of samples represented by retained mask filenames; consecutive dates were not merged into meteorological events.
ESF-20200220,2020-02-20,2020,NMC forecast-valid date,UTC,https://www.nmc.cn/publish/fog.html,screened on each publication day,H08,30,10,2020-02-20T00:00:00Z,2020-02-20T04:30:00Z,2020/mask,Date-level catalogue of samples represented by retained mask filenames; consecutive dates were not merged into meteorological events.
ESF-20200226,2020-02-26,2020,NMC forecast-valid date,UTC,https://www.nmc.cn/publish/fog.html,screened on each publication day,H08,30,19,2020-02-26T00:00:00Z,2020-02-26T09:00:00Z,2020/mask,Date-level catalogue of samples represented by retained mask filenames; consecutive dates were not merged into meteorological events.
ESF-20200511,2020-05-11,2020,NMC forecast-valid date,UTC,https://www.nmc.cn/publish/fog.html,screened on each publication day,H08,30,21,2020-05-11T00:00:00Z,2020-05-11T10:00:00Z,2020/mask,Date-level catalogue of samples represented by retained mask filenames; consecutive dates were not merged into meteorological events.
ESF-20200515,2020-05-15,2020,NMC forecast-valid date,UTC,https://www.nmc.cn/publish/fog.html,screened on each publication day,H08,30,19,2020-05-15T00:00:00Z,2020-05-15T09:00:00Z,2020/mask,Date-level catalogue of samples represented by retained mask filenames; consecutive dates were not merged into meteorological events.
ESF-20200523,2020-05-23,2020,NMC forecast-valid date,UTC,https://www.nmc.cn/publish/fog.html,screened on each publication day,H08,30,19,2020-05-23T00:00:00Z,2020-05-23T09:00:00Z,2020/mask,Date-level catalogue of samples represented by retained mask filenames; consecutive dates were not merged into meteorological events.
ESF-20201116,2020-11-16,2020,NMC forecast-valid date,UTC,https://www.nmc.cn/publish/fog.html,screened on each publication day,H08,30,4,2020-11-16T00:00:00Z,2020-11-16T02:30:00Z,2020/mask,Date-level catalogue of samples represented by retained mask filenames; consecutive dates were not merged into meteorological events.
ESF-20201228,2020-12-28,2020,NMC forecast-valid date,UTC,https://www.nmc.cn/publish/fog.html,screened on each publication day,H08,30,20,2020-12-28T00:00:00Z,2020-12-28T09:30:00Z,2020/mask,Date-level catalogue of samples represented by retained mask filenames; consecutive dates were not merged into meteorological events.
ESF-20210121,2021-01-21,2021,NMC forecast-valid date,UTC,https://www.nmc.cn/publish/fog.html,screened on each publication day,H08,30,12,2021-01-21T00:00:00Z,2021-01-21T09:00:00Z,2021/mask,Date-level catalogue of samples represented by retained mask filenames; consecutive dates were not merged into meteorological events.
ESF-20210122,2021-01-22,2021,NMC forecast-valid date,UTC,https://www.nmc.cn/publish/fog.html,screened on each publication day,H08,30,7,2021-01-22T00:00:00Z,2021-01-22T06:30:00Z,2021/mask,Date-level catalogue of samples represented by retained mask filenames; consecutive dates were not merged into meteorological events.
ESF-20210123,2021-01-23,2021,NMC forecast-valid date,UTC,https://www.nmc.cn/publish/fog.html,screened on each publication day,H08,30,3,2021-01-23T06:00:00Z,2021-01-23T07:00:00Z,2021/mask,Date-level catalogue of samples represented by retained mask filenames; consecutive dates were not merged into meteorological events.
ESF-20210124,2021-01-24,2021,NMC forecast-valid date,UTC,https://www.nmc.cn/publish/fog.html,screened on each publication day,H08,30,1,2021-01-24T00:00:00Z,2021-01-24T00:00:00Z,2021/mask,Date-level catalogue of samples represented by retained mask filenames; consecutive dates were not merged into meteorological events.
ESF-20210126,2021-01-26,2021,NMC forecast-valid date,UTC,https://www.nmc.cn/publish/fog.html,screened on each publication day,H08,30,2,2021-01-26T00:00:00Z,2021-01-26T00:30:00Z,2021/mask,Date-level catalogue of samples represented by retained mask filenames; consecutive dates were not merged into meteorological events.
ESF-20210401,2021-04-01,2021,NMC forecast-valid date,UTC,https://www.nmc.cn/publish/fog.html,screened on each publication day,H08,30,20,2021-04-01T00:00:00Z,2021-04-01T09:30:00Z,2021/mask,Date-level catalogue of samples represented by retained mask filenames; consecutive dates were not merged into meteorological events.
ESF-20210402,2021-04-02,2021,NMC forecast-valid date,UTC,https://www.nmc.cn/publish/fog.html,screened on each publication day,H08,30,20,2021-04-02T00:00:00Z,2021-04-02T09:30:00Z,2021/mask,Date-level catalogue of samples represented by retained mask filenames; consecutive dates were not merged into meteorological events.
ESF-20210428,2021-04-28,2021,NMC forecast-valid date,UTC,https://www.nmc.cn/publish/fog.html,screened on each publication day,H08,30,11,2021-04-28T00:00:00Z,2021-04-28T05:00:00Z,2021/mask,Date-level catalogue of samples represented by retained mask filenames; consecutive dates were not merged into meteorological events.
ESF-20210509,2021-05-09,2021,NMC forecast-valid date,UTC,https://www.nmc.cn/publish/fog.html,screened on each publication day,H08,30,20,2021-05-09T00:00:00Z,2021-05-09T09:30:00Z,2021/mask,Date-level catalogue of samples represented by retained mask filenames; consecutive dates were not merged into meteorological events.
ESF-20210510,2021-05-10,2021,NMC forecast-valid date,UTC,https://www.nmc.cn/publish/fog.html,screened on each publication day,H08,30,20,2021-05-10T00:00:00Z,2021-05-10T10:00:00Z,2021/mask,Date-level catalogue of samples represented by retained mask filenames; consecutive dates were not merged into meteorological events.
ESF-20210515,2021-05-15,2021,NMC forecast-valid date,UTC,https://www.nmc.cn/publish/fog.html,screened on each publication day,H08,30,3,2021-05-15T00:00:00Z,2021-05-15T01:00:00Z,2021/mask,Date-level catalogue of samples represented by retained mask filenames; consecutive dates were not merged into meteorological events.
ESF-20210611,2021-06-11,2021,NMC forecast-valid date,UTC,https://www.nmc.cn/publish/fog.html,screened on each publication day,H08,30,18,2021-06-11T00:00:00Z,2021-06-11T09:30:00Z,2021/mask,Date-level catalogue of samples represented by retained mask filenames; consecutive dates were not merged into meteorological events.
ESF-20211114,2021-11-14,2021,NMC forecast-valid date,UTC,https://www.nmc.cn/publish/fog.html,screened on each publication day,H08,30,2,2021-11-14T00:00:00Z,2021-11-14T00:30:00Z,2021/mask,Date-level catalogue of samples represented by retained mask filenames; consecutive dates were not merged into meteorological events.
ESF-20211216,2021-12-16,2021,NMC forecast-valid date,UTC,https://www.nmc.cn/publish/fog.html,screened on each publication day,H08,30,2,2021-12-16T00:00:00Z,2021-12-16T00:30:00Z,2021/mask,Date-level catalogue of samples represented by retained mask filenames; consecutive dates were not merged into meteorological events.
ESF-20220104,2022-01-04,2022,NMC forecast-valid date,UTC,https://www.nmc.cn/publish/fog.html,screened on each publication day,H08,30,4,2022-01-04T00:00:00Z,2022-01-04T01:30:00Z,2022/mask,Date-level catalogue of samples represented by retained mask filenames; consecutive dates were not merged into meteorological events.
ESF-20220310,2022-03-10,2022,NMC forecast-valid date,UTC,https://www.nmc.cn/publish/fog.html,screened on each publication day,H08,30,12,2022-03-10T00:00:00Z,2022-03-10T05:30:00Z,2022/mask,Date-level catalogue of samples represented by retained mask filenames; consecutive dates were not merged into meteorological events.
ESF-20220311,2022-03-11,2022,NMC forecast-valid date,UTC,https://www.nmc.cn/publish/fog.html,screened on each publication day,H08,30,18,2022-03-11T00:00:00Z,2022-03-11T09:00:00Z,2022/mask,Date-level catalogue of samples represented by retained mask filenames; consecutive dates were not merged into meteorological events.
ESF-20220313,2022-03-13,2022,NMC forecast-valid date,UTC,https://www.nmc.cn/publish/fog.html,screened on each publication day,H08,30,19,2022-03-13T00:00:00Z,2022-03-13T09:00:00Z,2022/mask,Date-level catalogue of samples represented by retained mask filenames; consecutive dates were not merged into meteorological events.
ESF-20220314,2022-03-14,2022,NMC forecast-valid date,UTC,https://www.nmc.cn/publish/fog.html,screened on each publication day,H08,30,6,2022-03-14T00:00:00Z,2022-03-14T02:30:00Z,2022/mask,Date-level catalogue of samples represented by retained mask filenames; consecutive dates were not merged into meteorological events.
ESF-20220408,2022-04-08,2022,NMC forecast-valid date,UTC,https://www.nmc.cn/publish/fog.html,screened on each publication day,H08,30,19,2022-04-08T00:00:00Z,2022-04-08T09:30:00Z,2022/mask,Date-level catalogue of samples represented by retained mask filenames; consecutive dates were not merged into meteorological events.
ESF-20220409,2022-04-09,2022,NMC forecast-valid date,UTC,https://www.nmc.cn/publish/fog.html,screened on each publication day,H08,30,20,2022-04-09T00:00:00Z,2022-04-09T09:30:00Z,2022/mask,Date-level catalogue of samples represented by retained mask filenames; consecutive dates were not merged into meteorological events.
ESF-20220410,2022-04-10,2022,NMC forecast-valid date,UTC,https://www.nmc.cn/publish/fog.html,screened on each publication day,H08,30,8,2022-04-10T06:30:00Z,2022-04-10T10:00:00Z,2022/mask,Date-level catalogue of samples represented by retained mask filenames; consecutive dates were not merged into meteorological events.
ESF-20220411,2022-04-11,2022,NMC forecast-valid date,UTC,https://www.nmc.cn/publish/fog.html,screened on each publication day,H08,30,20,2022-04-11T00:00:00Z,2022-04-11T09:30:00Z,2022/mask,Date-level catalogue of samples represented by retained mask filenames; consecutive dates were not merged into meteorological events.
ESF-20220412,2022-04-12,2022,NMC forecast-valid date,UTC,https://www.nmc.cn/publish/fog.html,screened on each publication day,H08,30,19,2022-04-12T00:00:00Z,2022-04-12T09:00:00Z,2022/mask,Date-level catalogue of samples represented by retained mask filenames; consecutive dates were not merged into meteorological events.
ESF-20220422,2022-04-22,2022,NMC forecast-valid date,UTC,https://www.nmc.cn/publish/fog.html,screened on each publication day,H08,30,18,2022-04-22T00:00:00Z,2022-04-22T08:30:00Z,2022/mask,Date-level catalogue of samples represented by retained mask filenames; consecutive dates were not merged into meteorological events.
ESF-20220425,2022-04-25,2022,NMC forecast-valid date,UTC,https://www.nmc.cn/publish/fog.html,screened on each publication day,H08,30,11,2022-04-25T00:00:00Z,2022-04-25T05:00:00Z,2022/mask,Date-level catalogue of samples represented by retained mask filenames; consecutive dates were not merged into meteorological events.
ESF-20220507,2022-05-07,2022,NMC forecast-valid date,UTC,https://www.nmc.cn/publish/fog.html,screened on each publication day,H08,30,8,2022-05-07T00:00:00Z,2022-05-07T03:30:00Z,2022/mask,Date-level catalogue of samples represented by retained mask filenames; consecutive dates were not merged into meteorological events.
ESF-20220602,2022-06-02,2022,NMC forecast-valid date,UTC,https://www.nmc.cn/publish/fog.html,screened on each publication day,H08,30,20,2022-06-02T00:00:00Z,2022-06-02T10:00:00Z,2022/mask,Date-level catalogue of samples represented by retained mask filenames; consecutive dates were not merged into meteorological events.
ESF-20220603,2022-06-03,2022,NMC forecast-valid date,UTC,https://www.nmc.cn/publish/fog.html,screened on each publication day,H08,30,20,2022-06-03T00:00:00Z,2022-06-03T10:00:00Z,2022/mask,Date-level catalogue of samples represented by retained mask filenames; consecutive dates were not merged into meteorological events.
ESF-20220617,2022-06-17,2022,NMC forecast-valid date,UTC,https://www.nmc.cn/publish/fog.html,screened on each publication day,H08,30,8,2022-06-17T00:00:00Z,2022-06-17T03:30:00Z,2022/mask,Date-level catalogue of samples represented by retained mask filenames; consecutive dates were not merged into meteorological events.
ESF-20221022,2022-10-22,2022,NMC forecast-valid date,UTC,https://www.nmc.cn/publish/fog.html,screened on each publication day,H08,30,8,2022-10-22T00:00:00Z,2022-10-22T03:30:00Z,2022/mask,Date-level catalogue of samples represented by retained mask filenames; consecutive dates were not merged into meteorological events.
ESF-20221107,2022-11-07,2022,NMC forecast-valid date,UTC,https://www.nmc.cn/publish/fog.html,screened on each publication day,H08,30,6,2022-11-07T00:00:00Z,2022-11-07T02:30:00Z,2022/mask,Date-level catalogue of samples represented by retained mask filenames; consecutive dates were not merged into meteorological events.
ESF-20230205,2023-02-05,2023,NMC forecast-valid date,UTC,https://www.nmc.cn/publish/fog.html,screened on each publication day,H09,30,1,2023-02-05T08:00:00Z,2023-02-05T08:00:00Z,2023/mask,Date-level catalogue of samples represented by retained mask filenames; consecutive dates were not merged into meteorological events.
ESF-20230206,2023-02-06,2023,NMC forecast-valid date,UTC,https://www.nmc.cn/publish/fog.html,screened on each publication day,H09,30,1,2023-02-06T08:00:00Z,2023-02-06T08:00:00Z,2023/mask,Date-level catalogue of samples represented by retained mask filenames; consecutive dates were not merged into meteorological events.
ESF-20230207,2023-02-07,2023,NMC forecast-valid date,UTC,https://www.nmc.cn/publish/fog.html,screened on each publication day,H09,30,4,2023-02-07T06:00:00Z,2023-02-07T09:00:00Z,2023/mask,Date-level catalogue of samples represented by retained mask filenames; consecutive dates were not merged into meteorological events.
ESF-20230210,2023-02-10,2023,NMC forecast-valid date,UTC,https://www.nmc.cn/publish/fog.html,screened on each publication day,H09,30,3,2023-02-10T00:00:00Z,2023-02-10T09:00:00Z,2023/mask,Date-level catalogue of samples represented by retained mask filenames; consecutive dates were not merged into meteorological events.
ESF-20230211,2023-02-11,2023,NMC forecast-valid date,UTC,https://www.nmc.cn/publish/fog.html,screened on each publication day,H09,30,1,2023-02-11T23:00:00Z,2023-02-11T23:00:00Z,2023/mask,Date-level catalogue of samples represented by retained mask filenames; consecutive dates were not merged into meteorological events.
ESF-20230308,2023-03-08,2023,NMC forecast-valid date,UTC,https://www.nmc.cn/publish/fog.html,screened on each publication day,H09,30,1,2023-03-08T23:00:00Z,2023-03-08T23:00:00Z,2023/mask,Date-level catalogue of samples represented by retained mask filenames; consecutive dates were not merged into meteorological events.
ESF-20230309,2023-03-09,2023,NMC forecast-valid date,UTC,https://www.nmc.cn/publish/fog.html,screened on each publication day,H09,30,10,2023-03-09T00:00:00Z,2023-03-09T23:00:00Z,2023/mask,Date-level catalogue of samples represented by retained mask filenames; consecutive dates were not merged into meteorological events.
ESF-20230310,2023-03-10,2023,NMC forecast-valid date,UTC,https://www.nmc.cn/publish/fog.html,screened on each publication day,H09,30,8,2023-03-10T00:00:00Z,2023-03-10T23:00:00Z,2023/mask,Date-level catalogue of samples represented by retained mask filenames; consecutive dates were not merged into meteorological events.
ESF-20230311,2023-03-11,2023,NMC forecast-valid date,UTC,https://www.nmc.cn/publish/fog.html,screened on each publication day,H09,30,6,2023-03-11T00:00:00Z,2023-03-11T05:00:00Z,2023/mask,Date-level catalogue of samples represented by retained mask filenames; consecutive dates were not merged into meteorological events.
ESF-20230315,2023-03-15,2023,NMC forecast-valid date,UTC,https://www.nmc.cn/publish/fog.html,screened on each publication day,H09,30,4,2023-03-15T00:00:00Z,2023-03-15T23:00:00Z,2023/mask,Date-level catalogue of samples represented by retained mask filenames; consecutive dates were not merged into meteorological events.
ESF-20230316,2023-03-16,2023,NMC forecast-valid date,UTC,https://www.nmc.cn/publish/fog.html,screened on each publication day,H09,30,4,2023-03-16T06:00:00Z,2023-03-16T09:00:00Z,2023/mask,Date-level catalogue of samples represented by retained mask filenames; consecutive dates were not merged into meteorological events.
ESF-20230317,2023-03-17,2023,NMC forecast-valid date,UTC,https://www.nmc.cn/publish/fog.html,screened on each publication day,H09,30,1,2023-03-17T23:00:00Z,2023-03-17T23:00:00Z,2023/mask,Date-level catalogue of samples represented by retained mask filenames; consecutive dates were not merged into meteorological events.
ESF-20230320,2023-03-20,2023,NMC forecast-valid date,UTC,https://www.nmc.cn/publish/fog.html,screened on each publication day,H09,30,2,2023-03-20T09:00:00Z,2023-03-20T23:00:00Z,2023/mask,Date-level catalogue of samples represented by retained mask filenames; consecutive dates were not merged into meteorological events.
ESF-20230321,2023-03-21,2023,NMC forecast-valid date,UTC,https://www.nmc.cn/publish/fog.html,screened on each publication day,H09,30,7,2023-03-21T00:00:00Z,2023-03-21T23:00:00Z,2023/mask,Date-level catalogue of samples represented by retained mask filenames; consecutive dates were not merged into meteorological events.
ESF-20230322,2023-03-22,2023,NMC forecast-valid date,UTC,https://www.nmc.cn/publish/fog.html,screened on each publication day,H09,30,2,2023-03-22T00:00:00Z,2023-03-22T23:00:00Z,2023/mask,Date-level catalogue of samples represented by retained mask filenames; consecutive dates were not merged into meteorological events.
ESF-20230324,2023-03-24,2023,NMC forecast-valid date,UTC,https://www.nmc.cn/publish/fog.html,screened on each publication day,H09,30,1,2023-03-24T23:00:00Z,2023-03-24T23:00:00Z,2023/mask,Date-level catalogue of samples represented by retained mask filenames; consecutive dates were not merged into meteorological events.
ESF-20230328,2023-03-28,2023,NMC forecast-valid date,UTC,https://www.nmc.cn/publish/fog.html,screened on each publication day,H09,30,1,2023-03-28T23:00:00Z,2023-03-28T23:00:00Z,2023/mask,Date-level catalogue of samples represented by retained mask filenames; consecutive dates were not merged into meteorological events.
ESF-20230329,2023-03-29,2023,NMC forecast-valid date,UTC,https://www.nmc.cn/publish/fog.html,screened on each publication day,H09,30,4,2023-03-29T00:00:00Z,2023-03-29T09:00:00Z,2023/mask,Date-level catalogue of samples represented by retained mask filenames; consecutive dates were not merged into meteorological events.
ESF-20230401,2023-04-01,2023,NMC forecast-valid date,UTC,https://www.nmc.cn/publish/fog.html,screened on each publication day,H09,30,1,2023-04-01T23:00:00Z,2023-04-01T23:00:00Z,2023/mask,Date-level catalogue of samples represented by retained mask filenames; consecutive dates were not merged into meteorological events.
ESF-20230402,2023-04-02,2023,NMC forecast-valid date,UTC,https://www.nmc.cn/publish/fog.html,screened on each publication day,H09,30,8,2023-04-02T01:00:00Z,2023-04-02T08:00:00Z,2023/mask,Date-level catalogue of samples represented by retained mask filenames; consecutive dates were not merged into meteorological events.
ESF-20230404,2023-04-04,2023,NMC forecast-valid date,UTC,https://www.nmc.cn/publish/fog.html,screened on each publication day,H09,30,1,2023-04-04T23:00:00Z,2023-04-04T23:00:00Z,2023/mask,Date-level catalogue of samples represented by retained mask filenames; consecutive dates were not merged into meteorological events.
ESF-20230405,2023-04-05,2023,NMC forecast-valid date,UTC,https://www.nmc.cn/publish/fog.html,screened on each publication day,H09,30,3,2023-04-05T00:00:00Z,2023-04-05T23:00:00Z,2023/mask,Date-level catalogue of samples represented by retained mask filenames; consecutive dates were not merged into meteorological events.
ESF-20230406,2023-04-06,2023,NMC forecast-valid date,UTC,https://www.nmc.cn/publish/fog.html,screened on each publication day,H09,30,3,2023-04-06T00:00:00Z,2023-04-06T02:00:00Z,2023/mask,Date-level catalogue of samples represented by retained mask filenames; consecutive dates were not merged into meteorological events.
ESF-20230413,2023-04-13,2023,NMC forecast-valid date,UTC,https://www.nmc.cn/publish/fog.html,screened on each publication day,H09,30,1,2023-04-13T23:00:00Z,2023-04-13T23:00:00Z,2023/mask,Date-level catalogue of samples represented by retained mask filenames; consecutive dates were not merged into meteorological events.
ESF-20230414,2023-04-14,2023,NMC forecast-valid date,UTC,https://www.nmc.cn/publish/fog.html,screened on each publication day,H09,30,2,2023-04-14T00:00:00Z,2023-04-14T01:00:00Z,2023/mask,Date-level catalogue of samples represented by retained mask filenames; consecutive dates were not merged into meteorological events.
ESF-20230415,2023-04-15,2023,NMC forecast-valid date,UTC,https://www.nmc.cn/publish/fog.html,screened on each publication day,H09,30,1,2023-04-15T07:00:00Z,2023-04-15T07:00:00Z,2023/mask,Date-level catalogue of samples represented by retained mask filenames; consecutive dates were not merged into meteorological events.
ESF-20230416,2023-04-16,2023,NMC forecast-valid date,UTC,https://www.nmc.cn/publish/fog.html,screened on each publication day,H09,30,1,2023-04-16T23:00:00Z,2023-04-16T23:00:00Z,2023/mask,Date-level catalogue of samples represented by retained mask filenames; consecutive dates were not merged into meteorological events.
ESF-20230417,2023-04-17,2023,NMC forecast-valid date,UTC,https://www.nmc.cn/publish/fog.html,screened on each publication day,H09,30,10,2023-04-17T00:00:00Z,2023-04-17T23:00:00Z,2023/mask,Date-level catalogue of samples represented by retained mask filenames; consecutive dates were not merged into meteorological events.
ESF-20230418,2023-04-18,2023,NMC forecast-valid date,UTC,https://www.nmc.cn/publish/fog.html,screened on each publication day,H09,30,6,2023-04-18T00:00:00Z,2023-04-18T23:00:00Z,2023/mask,Date-level catalogue of samples represented by retained mask filenames; consecutive dates were not merged into meteorological events.
ESF-20230419,2023-04-19,2023,NMC forecast-valid date,UTC,https://www.nmc.cn/publish/fog.html,screened on each publication day,H09,30,7,2023-04-19T00:00:00Z,2023-04-19T23:00:00Z,2023/mask,Date-level catalogue of samples represented by retained mask filenames; consecutive dates were not merged into meteorological events.
ESF-20230424,2023-04-24,2023,NMC forecast-valid date,UTC,https://www.nmc.cn/publish/fog.html,screened on each publication day,H09,30,2,2023-04-24T09:00:00Z,2023-04-24T23:00:00Z,2023/mask,Date-level catalogue of samples represented by retained mask filenames; consecutive dates were not merged into meteorological events.
ESF-20230428,2023-04-28,2023,NMC forecast-valid date,UTC,https://www.nmc.cn/publish/fog.html,screened on each publication day,H09,30,2,2023-04-28T07:00:00Z,2023-04-28T08:00:00Z,2023/mask,Date-level catalogue of samples represented by retained mask filenames; consecutive dates were not merged into meteorological events.
ESF-20230504,2023-05-04,2023,NMC forecast-valid date,UTC,https://www.nmc.cn/publish/fog.html,screened on each publication day,H09,30,1,2023-05-04T08:00:00Z,2023-05-04T08:00:00Z,2023/mask,Date-level catalogue of samples represented by retained mask filenames; consecutive dates were not merged into meteorological events.
ESF-20230505,2023-05-05,2023,NMC forecast-valid date,UTC,https://www.nmc.cn/publish/fog.html,screened on each publication day,H09,30,1,2023-05-05T23:00:00Z,2023-05-05T23:00:00Z,2023/mask,Date-level catalogue of samples represented by retained mask filenames; consecutive dates were not merged into meteorological events.
ESF-20230512,2023-05-12,2023,NMC forecast-valid date,UTC,https://www.nmc.cn/publish/fog.html,screened on each publication day,H09,30,1,2023-05-12T23:00:00Z,2023-05-12T23:00:00Z,2023/mask,Date-level catalogue of samples represented by retained mask filenames; consecutive dates were not merged into meteorological events.
ESF-20230513,2023-05-13,2023,NMC forecast-valid date,UTC,https://www.nmc.cn/publish/fog.html,screened on each publication day,H09,30,5,2023-05-13T00:00:00Z,2023-05-13T09:00:00Z,2023/mask,Date-level catalogue of samples represented by retained mask filenames; consecutive dates were not merged into meteorological events.
ESF-20230514,2023-05-14,2023,NMC forecast-valid date,UTC,https://www.nmc.cn/publish/fog.html,screened on each publication day,H09,30,1,2023-05-14T23:00:00Z,2023-05-14T23:00:00Z,2023/mask,Date-level catalogue of samples represented by retained mask filenames; consecutive dates were not merged into meteorological events.
ESF-20230515,2023-05-15,2023,NMC forecast-valid date,UTC,https://www.nmc.cn/publish/fog.html,screened on each publication day,H09,30,7,2023-05-15T00:00:00Z,2023-05-15T06:00:00Z,2023/mask,Date-level catalogue of samples represented by retained mask filenames; consecutive dates were not merged into meteorological events.
ESF-20230522,2023-05-22,2023,NMC forecast-valid date,UTC,https://www.nmc.cn/publish/fog.html,screened on each publication day,H09,30,1,2023-05-22T09:00:00Z,2023-05-22T09:00:00Z,2023/mask,Date-level catalogue of samples represented by retained mask filenames; consecutive dates were not merged into meteorological events.
ESF-20230601,2023-06-01,2023,NMC forecast-valid date,UTC,https://www.nmc.cn/publish/fog.html,screened on each publication day,H09,30,1,2023-06-01T09:00:00Z,2023-06-01T09:00:00Z,2023/mask,Date-level catalogue of samples represented by retained mask filenames; consecutive dates were not merged into meteorological events.
ESF-20230608,2023-06-08,2023,NMC forecast-valid date,UTC,https://www.nmc.cn/publish/fog.html,screened on each publication day,H09,30,5,2023-06-08T02:00:00Z,2023-06-08T09:00:00Z,2023/mask,Date-level catalogue of samples represented by retained mask filenames; consecutive dates were not merged into meteorological events.
ESF-20230610,2023-06-10,2023,NMC forecast-valid date,UTC,https://www.nmc.cn/publish/fog.html,screened on each publication day,H09,30,1,2023-06-10T09:00:00Z,2023-06-10T09:00:00Z,2023/mask,Date-level catalogue of samples represented by retained mask filenames; consecutive dates were not merged into meteorological events.
ESF-20230623,2023-06-23,2023,NMC forecast-valid date,UTC,https://www.nmc.cn/publish/fog.html,screened on each publication day,H09,30,1,2023-06-23T23:00:00Z,2023-06-23T23:00:00Z,2023/mask,Date-level catalogue of samples represented by retained mask filenames; consecutive dates were not merged into meteorological events.
ESF-20230624,2023-06-24,2023,NMC forecast-valid date,UTC,https://www.nmc.cn/publish/fog.html,screened on each publication day,H09,30,4,2023-06-24T00:00:00Z,2023-06-24T03:00:00Z,2023/mask,Date-level catalogue of samples represented by retained mask filenames; consecutive dates were not merged into meteorological events.
